City_ID,City,Country,Lat,Lng,Max Temp,Humidity,Cloudiness,Wind Speed,Current Description
0,Nishihara,JP,26.1842,127.7558,81.68,89,20,4.61,few clouds
1,Alofi,NU,-19.0595,-169.9187,75.09,88,40,11.5,scattered clouds
2,Dikson,RU,73.5069,80.5464,42.71,87,72,7.83,broken clouds
3,Codrington,AU,-38.2667,141.9667,54.66,72,79,20.6,broken clouds
4,Olinda,BR,-8.0089,-34.8553,76.73,83,75,5.75,broken clouds
5,Busselton,AU,-33.65,115.3333,55.62,53,96,29.24,overcast clouds
6,Rikitea,PF,-23.1203,-134.9692,72.14,77,83,21.72,light rain
7,Cape Town,ZA,-33.9258,18.4232,56.1,89,0,8.99,clear sky
8,Mangai,CD,-4.05,19.5333,79.48,50,90,3.0,overcast clouds
9,Thompson,CA,55.7435,-97.8558,59.16,88,100,8.05,overcast clouds
10,Bluff,NZ,-46.6,168.3333,44.8,75,52,34.34,broken clouds
11,Bredasdorp,ZA,-34.5322,20.0403,49.96,85,53,2.44,broken clouds
12,Ushuaia,AR,-54.8,-68.3,38.82,93,75,9.22,light rain
13,Nemencine,LT,54.85,25.4833,61.32,90,10,2.3,clear sky
14,Leningradskiy,RU,69.3833,178.4167,57.04,53,100,7.0,overcast clouds
15,Kaitangata,NZ,-46.2817,169.8464,50.47,67,42,16.46,scattered clouds
16,Castro,BR,-24.7911,-50.0119,64.9,53,0,1.83,clear sky
17,Umm Lajj,SA,25.0213,37.2685,87.57,48,41,2.62,scattered clouds
18,Albany,US,42.6001,-73.9662,88.57,49,24,1.01,few clouds
19,La Paz,BO,-16.5,-68.15,66.18,19,20,12.66,few clouds
20,Mataura,NZ,-46.1927,168.8643,44.47,72,95,10.42,overcast clouds
21,Ribeira Grande,PT,38.5167,-28.7,75.6,83,75,8.05,broken clouds
22,Vryburg,ZA,-26.9566,24.7284,53.28,82,100,10.18,moderate rain
23,Punta Arenas,CL,-53.15,-70.9167,42.91,87,100,8.05,light rain
24,Port Keats,AU,-14.25,129.55,69.87,84,13,0.83,few clouds
25,Pringsewu,ID,-5.3582,104.9744,73.26,97,98,2.35,overcast clouds
26,Myre,NO,69.1036,15.9492,50.9,76,96,3.29,overcast clouds
27,Puerto Escondido,MX,15.85,-97.0667,87.55,65,31,6.71,scattered clouds
28,Atuona,PF,-9.8,-139.0333,77.11,77,1,17.54,clear sky
29,Kapaa,US,22.0752,-159.319,81.48,72,13,7.0,few clouds
30,Mpophomeni,ZA,-29.5682,30.1862,52.3,67,29,4.76,scattered clouds
31,Kankan,GN,10.3854,-9.3057,70.77,96,89,4.72,light rain
32,Kavieng,PG,-2.5744,150.7967,81.66,76,31,14.58,scattered clouds
33,Eastlake,US,41.6539,-81.4504,80.47,63,0,5.75,clear sky
34,Meadow Lake,US,34.8014,-106.5436,96.48,29,14,7.87,few clouds
35,Cabo San Lucas,MX,22.8909,-109.9124,93.61,67,31,4.79,scattered clouds
36,Brae,GB,60.3964,-1.353,56.8,93,99,24.61,overcast clouds
37,Sidi Ali,DZ,36.0998,0.4206,82.29,44,0,7.99,clear sky
38,Rabo De Peixe,PT,37.8,-25.5833,72.91,78,75,4.61,broken clouds
39,Jamestown,US,42.097,-79.2353,77.52,51,40,12.66,scattered clouds
40,Butaritari,KI,3.0707,172.7902,81.82,76,99,16.73,overcast clouds
41,Kabansk,RU,52.0486,106.6528,58.73,93,100,2.06,overcast clouds
42,Hurricane,US,37.1753,-113.2899,97.02,32,52,9.62,broken clouds
43,Mar Del Plata,AR,-38.0023,-57.5575,56.08,96,75,5.75,broken clouds
44,Broome,US,42.2506,-75.833,88.7,51,56,7.0,broken clouds
45,Kaduy,RU,59.2,37.15,61.75,81,100,3.18,overcast clouds
46,Kutum,SD,14.2,24.6667,67.57,79,78,23.47,moderate rain
47,Yellowknife,CA,62.456,-114.3525,68.52,28,20,5.75,few clouds
48,Hithadhoo,MV,-0.6,73.0833,80.24,76,54,12.41,broken clouds
49,Bethel,US,41.3712,-73.414,90.36,60,82,1.01,broken clouds
50,Tomatlan,MX,19.9333,-105.25,91.8,53,36,7.47,scattered clouds
51,Mnogovershinnyy,RU,53.9353,139.9242,57.81,98,100,3.13,overcast clouds
52,East London,ZA,-33.0153,27.9116,65.53,62,85,6.67,overcast clouds
53,Torbay,CA,47.6666,-52.7314,79.57,56,75,14.97,broken clouds
54,Puno,PE,-15.8333,-70.0333,62.17,32,40,9.69,scattered clouds
55,Weihai,CN,37.5017,122.1136,77.83,91,6,6.71,clear sky
56,Gadwal,IN,16.2333,77.8,79.38,80,100,5.39,moderate rain
57,Hobart,AU,-42.8794,147.3294,52.27,73,75,10.36,broken clouds
58,Mahanoro,MG,-19.9,48.8,64.54,92,17,6.22,few clouds
59,Klaksvik,FO,62.2266,-6.589,50.92,93,98,15.39,overcast clouds
60,Hermanus,ZA,-34.4187,19.2345,50.81,78,14,1.59,few clouds
61,Lebu,CL,-37.6167,-73.65,50.11,73,0,15.75,clear sky
62,Ambilobe,MG,-13.2,49.05,63.18,78,0,4.29,clear sky
63,Yushan,CN,31.3776,120.9543,85.98,83,0,7.67,clear sky
64,Iquitos,PE,-3.7481,-73.2472,87.84,58,40,3.44,scattered clouds
65,Pisco,PE,-13.7,-76.2167,64.02,77,0,10.36,clear sky
66,Vanderhoof,CA,54.0166,-124.0198,64.78,48,99,8.97,overcast clouds
67,Sangar,RU,63.9242,127.4739,61.93,93,86,2.13,overcast clouds
68,Sobolevo,RU,54.4299,31.8996,62.47,92,100,7.25,overcast clouds
69,Pagudpud,PH,18.5616,120.7868,78.04,85,100,3.38,moderate rain
70,Severo-Kurilsk,RU,50.6789,156.125,54.45,81,23,7.7,few clouds
71,Remontnoye,RU,46.5614,43.6501,83.32,31,95,8.46,overcast clouds
72,Caravelas,BR,-17.7125,-39.2481,70.29,83,16,5.17,few clouds
73,Ponta Do Sol,PT,32.6667,-17.1,72.72,81,6,6.64,clear sky
74,Manokwari,ID,-0.8667,134.0833,78.13,76,100,2.55,overcast clouds
75,Den Helder,NL,52.9599,4.7593,68.99,90,58,15.99,broken clouds
76,Oktyabrskoye,RU,43.0645,44.7417,69.94,83,6,6.71,clear sky
77,Scottsboro,US,34.6723,-86.0341,91.62,62,75,4.61,broken clouds
78,Viet Tri,VN,21.3019,105.4308,82.35,95,27,2.15,scattered clouds
79,Boa Vista,BR,2.8197,-60.6733,85.98,62,75,5.75,broken clouds
80,Saanen,CH,46.4896,7.2596,74.17,84,100,4.0,overcast clouds
81,Bougouni,ML,11.417,-7.479,75.16,81,56,4.97,broken clouds
82,Bengkulu,ID,-3.8004,102.2655,74.25,92,39,4.45,scattered clouds
83,Clyde River,CA,70.4692,-68.5914,41.23,93,100,11.5,light intensity drizzle rain
84,Olga,RU,43.7444,135.2892,68.47,97,93,4.03,overcast clouds
85,Ledyard,US,41.4398,-72.0142,88.23,67,0,10.36,clear sky
86,Vaini,TO,-21.2,-175.2,77.16,88,40,8.05,scattered clouds
87,Tuktoyaktuk,CA,69.4541,-133.0374,53.6,82,75,12.66,broken clouds
88,Geraldton,AU,-28.7667,114.6,61.21,67,75,21.85,light rain
89,Kodiak,US,57.79,-152.4072,58.35,68,36,12.59,scattered clouds
90,Russell,US,32.3502,-85.1999,91.96,55,20,3.44,few clouds
91,Zhangye,CN,38.9342,100.4517,67.69,69,33,2.91,scattered clouds
92,Quelimane,MZ,-17.8786,36.8883,65.98,88,44,3.6,scattered clouds
93,Andenes,NO,69.3143,16.1194,50.94,87,75,3.44,broken clouds
94,Belmonte,BR,-15.8631,-38.8828,72.21,81,10,5.95,clear sky
95,Cherskiy,RU,68.75,161.3,49.19,99,100,6.42,moderate rain
96,Miandrivazo,MG,-19.5167,45.4667,70.41,68,0,4.18,clear sky
97,Pitimbu,BR,-7.4706,-34.8086,77.59,82,9,5.32,clear sky
98,Minab,IR,27.1467,57.0801,91.72,55,97,0.0,overcast clouds
99,Lorengau,PG,-2.0226,147.2712,81.95,76,94,14.38,overcast clouds
100,Upernavik,GL,72.7868,-56.1549,45.93,73,93,6.8,overcast clouds
101,Falun,SE,60.6036,15.626,56.95,92,100,6.85,overcast clouds
102,Tonj,SS,7.2737,28.6822,69.13,91,60,1.72,light rain
103,Iraucuba,BR,-3.7461,-39.7833,83.66,51,52,9.84,broken clouds
104,Yar-Sale,RU,66.8333,70.8333,55.92,65,11,7.16,few clouds
105,Saint George,US,37.1041,-113.5841,98.94,28,0,7.0,clear sky
106,Carnarvon,AU,-24.8667,113.6333,66.45,68,100,19.37,overcast clouds
107,Asau,RO,46.4333,26.4,65.95,86,1,4.43,clear sky
108,Chokurdakh,RU,70.6333,147.9167,53.73,64,100,6.51,overcast clouds
109,Radom,PL,51.4025,21.1471,69.12,81,52,1.01,broken clouds
110,Qaanaaq,GL,77.484,-69.3632,47.1,57,97,0.76,overcast clouds
111,Stabat,ID,3.761,98.4513,75.4,98,100,2.57,moderate rain
112,Mo I Rana,NO,66.3128,14.1428,51.33,81,0,3.44,clear sky
113,Ilulissat,GL,69.2167,-51.1,44.49,74,46,5.17,scattered clouds
114,Mahebourg,MU,-20.4081,57.7,70.09,68,40,4.61,scattered clouds
115,Sosnovo-Ozerskoye,RU,52.5249,111.5418,58.05,94,100,5.46,overcast clouds
116,Muli,MV,2.9167,73.5667,81.45,75,100,20.13,overcast clouds
117,Ostersund,SE,63.1792,14.6357,54.05,94,100,14.97,overcast clouds
118,Vostok,RU,46.4856,135.8833,66.4,81,90,3.74,overcast clouds
119,Bambous Virieux,MU,-20.3428,57.7575,70.05,68,40,4.61,scattered clouds
120,Raudeberg,NO,61.9875,5.1352,58.87,63,100,22.35,overcast clouds
121,New Norfolk,AU,-42.7826,147.0587,51.93,77,100,1.99,overcast clouds
122,Sao Jose Da Coroa Grande,BR,-8.8978,-35.1478,74.91,91,74,8.21,broken clouds
123,Port Alfred,ZA,-33.5906,26.891,65.88,56,61,7.27,broken clouds
124,Port Elizabeth,ZA,-33.918,25.5701,56.32,81,2,6.91,clear sky
125,Floro,NO,61.5996,5.0328,60.87,100,100,24.16,overcast clouds
126,Puerto Del Rosario,ES,28.5004,-13.8627,80.35,61,20,12.66,few clouds
127,Rajshahi,BD,24.3667,88.6,82.26,83,100,3.04,overcast clouds
128,Tobermory,CA,45.2501,-81.6665,64.96,74,7,9.08,clear sky
129,Nuuk,GL,64.1835,-51.7216,49.87,81,95,11.01,overcast clouds
130,Te Anau,NZ,-45.4167,167.7167,45.23,91,97,7.4,overcast clouds
131,Sao Joao Da Barra,BR,-21.6403,-41.0511,77.09,84,44,11.65,scattered clouds
132,Lompoc,US,34.6391,-120.4579,94.01,68,40,9.22,scattered clouds
133,Lagoa,PT,39.05,-27.9833,74.32,82,3,15.32,clear sky
134,Buala,SB,-8.145,159.5921,81.09,79,31,8.5,light rain
135,Magistralnyy,RU,56.1725,107.4458,61.59,94,100,13.58,moderate rain
136,Nikolskoye,RU,59.7035,30.7861,62.8,91,65,4.07,broken clouds
137,Miri,MY,4.4148,114.0089,77.14,94,40,2.3,scattered clouds
138,Salalah,OM,17.0151,54.0924,77.18,92,96,3.74,moderate rain
139,Kyren,RU,51.6828,102.1408,59.79,95,100,0.76,overcast clouds
140,Teguise,ES,29.0605,-13.564,71.82,78,20,24.16,few clouds
141,Soroti,UG,1.7146,33.6111,62.74,92,62,3.58,broken clouds
142,Somotillo,NI,13.0433,-86.9064,89.74,53,97,10.4,light rain
143,Khatanga,RU,71.9667,102.5,43.66,72,100,5.46,overcast clouds
144,Andros Town,BS,24.7,-77.7667,89.56,69,9,11.7,clear sky
145,Seymchan,RU,62.8833,152.4333,65.8,63,100,8.68,overcast clouds
146,Longyearbyen,SJ,78.2186,15.6401,51.64,82,75,5.75,broken clouds
147,Yaransk,RU,57.3033,47.8861,65.39,71,100,5.95,overcast clouds
148,Hualmay,PE,-11.0964,-77.6139,65.43,72,10,12.55,clear sky
149,Sitka,US,57.0531,-135.33,55.29,88,100,5.75,light rain
150,Hilo,US,19.7297,-155.09,78.62,93,100,4.61,heavy intensity rain
151,Taltal,CL,-25.4,-70.4833,56.91,77,20,3.49,few clouds
152,Bodmin,GB,50.4715,-4.7243,66.43,94,75,11.5,broken clouds
153,Coquimbo,CL,-29.9533,-71.3436,55.13,76,100,5.75,overcast clouds
154,Belaya Gora,RU,68.5333,146.4167,51.93,88,100,8.21,light rain
155,Cidreira,BR,-30.1811,-50.2056,60.44,88,28,9.33,scattered clouds
156,Sulangan,PH,11.1373,123.7228,82.85,74,32,4.92,scattered clouds
157,Namatanai,PG,-3.6667,152.4333,79.75,76,30,8.93,scattered clouds
158,Mapiri,BO,-15.25,-68.1667,79.03,66,88,2.3,overcast clouds
159,Hirara,JP,24.8,125.2833,83.93,76,4,12.66,clear sky
160,Praia,CV,14.9215,-23.5087,81.14,74,20,5.75,few clouds
161,Sao Filipe,CV,14.8961,-24.4956,78.33,80,76,5.53,light rain
162,Haines Junction,CA,60.7522,-137.5108,53.55,87,100,2.3,overcast clouds
163,Dezful,IR,32.3811,48.4058,102.56,27,4,1.7,clear sky
164,Comodoro Rivadavia,AR,-45.8667,-67.5,51.66,40,0,11.5,clear sky
165,Tiksi,RU,71.6872,128.8694,40.12,82,100,3.22,overcast clouds
166,Narsaq,GL,60.9167,-46.05,51.35,66,51,5.37,broken clouds
167,Hofn,IS,64.2539,-15.2082,50.7,68,41,12.12,scattered clouds
168,Ivanava,BY,52.1451,25.5365,60.01,84,0,6.89,clear sky
169,Praia Da Vitoria,PT,38.7333,-27.0667,79.05,73,20,8.84,few clouds
170,Saint-Philippe,RE,-21.3585,55.7679,65.79,80,37,6.08,scattered clouds
171,Soyaux,FR,45.65,0.2,82.99,44,0,5.75,clear sky
172,Beringovskiy,RU,63.05,179.3167,56.34,65,57,3.31,broken clouds
173,Valdivia,CL,-39.8142,-73.2459,50.09,80,40,1.57,scattered clouds
174,Kotelnich,RU,58.3089,48.348,61.14,77,76,4.59,broken clouds
175,Neftcala,AZ,39.3742,49.2472,78.66,71,2,5.3,clear sky
176,Uruguaiana,BR,-29.7547,-57.0883,66.13,82,100,8.05,overcast clouds
177,Limbang,MY,4.75,115.0,77.11,98,100,1.95,overcast clouds
178,Santa Fe,AR,-31.6333,-60.7,62.42,62,98,7.76,light rain
179,Southbridge,US,42.0751,-72.0334,89.46,78,80,8.95,broken clouds
180,Taoudenni,ML,22.6783,-3.9836,106.59,10,31,1.36,scattered clouds
181,Madimba,TZ,-10.4,40.3333,70.5,88,0,7.74,clear sky
182,Conde,BR,-7.2597,-34.9075,76.46,88,0,5.75,clear sky
183,Mehran,IR,33.1222,46.1646,101.62,15,0,5.59,clear sky
184,Itapicuru,BR,-11.3167,-38.2333,72.9,70,4,11.79,clear sky
185,Omboue,GA,-1.5746,9.2618,72.7,85,89,6.04,overcast clouds
186,Georgetown,MY,5.4112,100.3354,78.73,93,40,7.0,moderate rain
187,Esperance,AU,-33.8667,121.9,48.04,66,36,33.04,scattered clouds
188,College,US,64.8569,-147.8028,64.38,81,75,5.75,broken clouds
189,Iqaluit,CA,63.7506,-68.5145,51.53,66,75,5.75,broken clouds
190,Provideniya,RU,64.3833,-173.3,53.71,76,0,2.24,clear sky
191,Honiara,SB,-9.4333,159.95,80.67,76,9,6.69,clear sky
192,Kudahuvadhoo,MV,2.6708,72.8944,81.12,76,100,18.59,overcast clouds
193,Kilembe,UG,0.2,30.0,60.67,90,86,2.33,overcast clouds
194,Ous,RU,60.9058,61.5186,56.1,71,31,1.74,scattered clouds
195,Kendari,ID,-3.945,122.4989,72.39,94,83,2.33,broken clouds
196,Bremerton,US,47.5673,-122.6326,81.34,60,40,5.75,scattered clouds
197,Saldanha,ZA,-33.0117,17.9442,55.45,90,31,10.22,scattered clouds
198,Kinshasa,CD,-4.3246,15.3215,81.34,48,100,4.03,overcast clouds
199,Traralgon,AU,-38.1833,146.5333,57.36,63,100,8.79,overcast clouds
200,Sutton Coldfield,GB,52.5667,-1.8167,71.2,83,40,9.22,scattered clouds
201,Camacupa,AO,-12.0167,17.4833,67.6,34,3,5.64,clear sky
202,Svetlyy,RU,54.675,20.1347,51.85,74,100,3.69,overcast clouds
203,Rio Grande,BR,-32.035,-52.0986,59.11,91,33,6.93,scattered clouds
204,Altay,CN,47.8667,88.1167,61.3,55,17,5.21,few clouds
205,Namibe,AO,-15.1961,12.1522,59.61,69,3,3.56,clear sky
206,Xicotencatl,MX,23.0167,-98.8833,94.53,39,98,10.51,overcast clouds
207,Quatre Cocos,MU,-20.2078,57.7625,69.91,65,0,11.1,clear sky
208,Doka,SD,13.5167,35.7667,71.87,90,100,6.4,overcast clouds
209,Isangel,VU,-19.55,169.2667,77.92,87,100,6.85,overcast clouds
210,Severo-Yeniseyskiy,RU,60.3725,93.0408,45.93,97,100,2.39,overcast clouds
211,Saint-Francois,FR,46.4154,3.9054,73.67,56,0,2.3,clear sky
212,Vasto,IT,42.1243,14.7059,78.46,52,49,5.01,scattered clouds
213,Coihaique,CL,-45.5752,-72.0662,46.35,57,75,5.75,broken clouds
214,Havre-Saint-Pierre,CA,50.2334,-63.5986,64.76,94,100,9.22,mist
215,Acarau,BR,-2.8856,-40.12,78.98,79,33,15.68,scattered clouds
216,San Quintin,MX,30.4833,-115.95,77.13,65,67,14.83,broken clouds
217,Westport,US,41.1415,-73.3579,92.08,62,62,7.0,broken clouds
218,Benjamin Constant,BR,-4.3831,-70.0311,87.93,70,40,4.61,light rain
219,Ancud,CL,-41.8697,-73.8203,47.23,84,97,4.03,overcast clouds
220,Puerto Ayora,EC,-0.7393,-90.3518,80.56,83,56,8.01,broken clouds
221,Mount Gambier,AU,-37.8333,140.7667,52.75,80,99,16.44,overcast clouds
222,Shelburne,CA,44.0787,-80.2041,72.23,50,2,10.09,clear sky
223,Sur,OM,22.5667,59.5289,89.65,61,2,7.07,clear sky
224,Gaziantep,TR,37.0594,37.3825,80.53,54,0,5.75,clear sky
225,North Bend,US,43.4065,-124.2243,85.24,100,58,10.38,broken clouds
226,Kuruman,ZA,-27.4524,23.4325,48.99,84,97,19.06,light rain
227,Iralaya,HN,15.0,-83.2333,82.76,84,100,15.39,overcast clouds
228,Tuatapere,NZ,-46.1333,167.6833,47.43,84,78,11.88,broken clouds
229,Oster,UA,50.9506,30.8823,61.74,95,98,11.61,overcast clouds
230,Airai,TL,-8.9266,125.4092,55.15,59,45,1.95,scattered clouds
231,Kluczbork,PL,50.9728,18.2182,68.99,78,34,5.84,scattered clouds
232,Lasa,IT,46.6166,10.7002,66.36,82,53,0.92,broken clouds
233,Arti,RU,56.4234,58.5328,53.92,84,1,4.14,clear sky
234,Victoria,HK,22.2855,114.1577,85.32,82,100,5.01,overcast clouds
235,Nyurba,RU,63.2842,118.3319,59.61,75,94,6.91,overcast clouds
236,Nizhniy Bestyakh,RU,61.9594,129.9086,63.88,93,100,6.71,smoke
237,Abu Samrah,SY,35.3029,37.1841,79.12,57,0,9.89,clear sky
238,Kruisfontein,ZA,-34.0033,24.7314,55.02,59,0,2.91,clear sky
239,Chapais,CA,49.7834,-74.8492,64.18,37,29,8.16,scattered clouds
240,North Platte,US,41.1239,-100.7654,104.11,24,94,5.99,overcast clouds
241,Roma,US,43.2128,-75.4557,82.96,65,37,13.0,scattered clouds
242,Emba,KZ,48.8264,58.1442,70.83,54,81,10.63,broken clouds
243,Sartana,UA,47.1744,37.6927,74.05,79,0,4.59,clear sky
244,Hambantota,LK,6.1241,81.1185,77.81,82,100,26.15,overcast clouds
245,Plouzane,FR,48.3833,-4.6167,64.72,97,75,6.91,broken clouds
246,Colon,PA,9.3592,-79.9014,82.45,78,100,8.01,overcast clouds
247,Qaqortoq,GL,60.7167,-46.0333,48.83,74,41,9.6,scattered clouds
248,Maarianhamina,AX,60.0973,19.9348,62.46,88,0,14.97,clear sky
249,Lac Du Bonnet,CA,50.2536,-96.0612,83.23,44,95,13.82,overcast clouds
250,Oistins,BB,13.0667,-59.5333,86.09,66,40,23.02,scattered clouds
251,Peterhead,GB,57.5058,-1.7981,66.6,78,25,11.77,scattered clouds
252,Yantal,RU,56.8471,105.2542,58.21,98,100,10.76,moderate rain
253,Divnogorsk,RU,55.9594,92.3619,54.09,89,10,2.77,clear sky
254,Cananeia,BR,-25.0147,-47.9267,65.46,92,7,4.03,clear sky
255,Mondovi,IT,44.396,7.8176,76.32,78,78,2.82,broken clouds
256,Jalu,LY,29.0331,21.5482,83.07,46,0,17.76,clear sky
257,Avarua,CK,-21.2078,-159.775,77.05,50,75,12.66,broken clouds
258,Rostusa,MK,41.61,20.6,63.21,60,33,5.14,scattered clouds
259,Shingu,JP,33.7333,135.9833,78.13,82,100,5.93,overcast clouds
260,Necochea,AR,-38.5473,-58.7368,55.35,75,100,4.81,overcast clouds
261,Atasu,KZ,48.6814,71.6433,67.53,62,95,9.17,overcast clouds
262,Souillac,MU,-20.5167,57.5167,70.18,68,40,4.61,scattered clouds
263,Kaka,TM,37.3482,59.6143,82.87,29,0,3.87,clear sky
264,Pereleshino,RU,51.7376,40.1388,67.73,75,99,3.74,moderate rain
265,Amahai,ID,-3.3333,128.9167,75.78,88,87,3.94,overcast clouds
266,Vila Franca Do Campo,PT,37.7167,-25.4333,73.81,74,74,2.24,broken clouds
267,Voskresenskoye,RU,56.8381,45.4317,59.63,80,99,2.13,overcast clouds
268,Harper,LR,4.375,-7.7169,75.6,71,100,8.39,overcast clouds
269,Port Hardy,CA,50.6996,-127.4199,64.58,77,75,10.36,broken clouds
270,Campoverde,PE,-8.4753,-74.8058,87.49,84,99,3.06,overcast clouds
271,Tessalit,ML,20.1986,1.0114,77.59,60,100,29.1,light rain
272,Yulara,AU,-25.2406,130.9889,58.82,54,5,8.75,clear sky
273,Ciudad Bolivar,VE,8.1222,-63.5497,84.38,68,93,10.4,overcast clouds
274,San Gavino Monreale,IT,39.5514,8.7917,83.48,64,8,3.94,clear sky
275,Morondava,MG,-20.2833,44.2833,70.84,69,0,9.08,clear sky
276,Burnsville,US,44.7677,-93.2777,96.49,52,40,21.85,scattered clouds
277,Hasaki,JP,35.7333,140.8333,79.29,92,81,8.61,broken clouds
278,Pierre,US,44.3683,-100.351,110.23,8,96,6.6,overcast clouds
279,Tyumentsevo,RU,53.3224,81.498,55.44,72,2,6.76,clear sky
280,Marsa Matruh,EG,31.3525,27.2453,80.8,78,0,5.75,clear sky
281,Jaffrey,US,42.814,-72.0231,87.22,60,77,1.99,broken clouds
282,Tilichiki,RU,60.4667,166.1,55.11,79,73,0.47,broken clouds
283,San Juan,AR,-31.5375,-68.5364,63.39,33,0,15.9,clear sky
284,La Peca,PE,-5.6111,-78.435,82.54,53,39,6.11,light rain
285,Abu Kamal,SY,34.4506,40.9171,95.23,21,0,7.36,clear sky
286,Rocha,UY,-34.4833,-54.3333,55.98,96,54,6.49,broken clouds
287,Korla,CN,41.7597,86.1469,73.9,47,1,0.11,clear sky
288,Nola,IT,40.922,14.5329,85.39,44,92,4.79,overcast clouds
289,Tasiilaq,GL,65.6145,-37.6368,40.5,60,13,4.23,few clouds
290,Juneau,US,58.3019,-134.4197,57.22,99,100,2.04,moderate rain
291,Barcelona,ES,41.3888,2.159,86.61,66,20,6.91,few clouds
292,Sola,VU,-13.8833,167.55,81.3,77,7,15.05,clear sky
293,Ovalle,CL,-30.5983,-71.2003,63.48,56,0,4.16,clear sky
294,Fenoarivo,MG,-18.933,47.4354,53.67,94,20,4.61,few clouds
295,Passo De Camaragibe,BR,-9.2368,-35.4901,74.75,97,100,6.93,overcast clouds
296,Vanavara,RU,60.34,102.2797,58.15,97,100,6.67,light rain
297,Tigil,RU,57.8,158.6667,55.54,86,100,9.82,overcast clouds
298,Kaohsiung,TW,22.6163,120.3133,84.15,80,40,9.22,scattered clouds
299,Katsuura,JP,35.1333,140.3,80.67,92,88,11.25,overcast clouds
300,Fare,PF,-16.7,-151.0167,78.4,64,5,22.3,clear sky
301,Sao Borja,BR,-28.6606,-56.0044,64.94,84,95,6.51,overcast clouds
302,Naze,JP,28.3667,129.4833,79.72,86,62,7.92,broken clouds
303,Guerrero Negro,MX,27.9769,-114.0611,80.96,52,100,18.9,overcast clouds
304,Flinders,AU,-34.5833,150.8552,55.38,70,96,5.01,overcast clouds
305,Manggar,ID,-2.8833,108.2667,80.1,83,100,6.26,overcast clouds
306,Saskylakh,RU,71.9167,114.0833,43.11,80,100,8.08,overcast clouds
307,Arraial Do Cabo,BR,-22.9661,-42.0278,73.36,83,40,10.36,scattered clouds
308,Nador,MA,35.174,-2.9287,80.67,75,0,4.43,clear sky
309,Fallon,US,39.4735,-118.7774,95.92,23,9,1.63,clear sky
310,Zhigansk,RU,66.7697,123.3711,46.36,67,80,16.98,broken clouds
311,Atlautla,MX,19.0167,-98.7833,68.85,72,93,3.85,overcast clouds
312,Karpogory,RU,64.0019,44.4451,62.47,72,100,8.79,overcast clouds
313,De-Kastri,RU,51.4667,140.7833,59.43,99,100,5.95,overcast clouds
314,Dawei,MM,14.0833,98.2,76.05,95,100,3.83,overcast clouds
315,Cacu,BR,-18.5567,-51.1308,83.25,24,0,6.51,clear sky
316,Yumen,CN,40.2833,97.2,69.96,55,22,5.7,few clouds
317,Atbasar,KZ,51.8,68.3333,58.87,74,41,10.04,scattered clouds
318,Megion,RU,61.0296,76.1136,51.82,77,28,7.63,scattered clouds
319,Pouembout,NC,-21.1333,164.9,73.42,87,99,3.0,overcast clouds
320,Upington,ZA,-28.4478,21.2561,53.98,94,32,3.44,scattered clouds
321,Jiuquan,CN,39.7432,98.5174,68.63,63,12,3.31,few clouds
322,San Cristobal,VE,7.7669,-72.225,78.98,62,84,5.28,broken clouds
323,La Rioja,ES,42.25,-2.5,78.58,30,63,4.85,broken clouds
324,Sindgi,IN,16.9167,76.2333,78.69,76,98,4.38,moderate rain
325,Rosignano Marittimo,IT,43.4079,10.4729,81.54,59,2,4.25,clear sky
326,Pontes E Lacerda,BR,-15.2261,-59.3353,94.08,22,66,3.15,broken clouds
327,Bathsheba,BB,13.2167,-59.5167,86.61,82,40,23.02,scattered clouds
328,Changchun,CN,43.88,125.3228,75.16,92,56,3.04,broken clouds
329,Sinnamary,GF,5.3833,-52.95,80.71,84,87,9.93,overcast clouds
330,Shama,CN,33.6102,104.2852,62.2,97,93,3.11,overcast clouds
331,Kinkala,CG,-4.3614,14.7644,78.01,53,86,5.99,overcast clouds
332,Skjervoy,NO,70.0311,20.9714,53.6,90,99,5.84,overcast clouds
333,Huarmey,PE,-10.0681,-78.1522,66.67,73,6,12.57,clear sky
334,Mabaruma,GY,8.2,-59.7833,78.17,90,100,4.83,overcast clouds
335,Winnemucca,US,40.973,-117.7357,88.07,25,31,8.77,scattered clouds
336,Kahului,US,20.8947,-156.47,82.85,76,2,10.0,clear sky
337,Mabiton,PH,12.8334,123.2612,81.64,78,97,6.51,overcast clouds
338,Great Yarmouth,GB,52.6083,1.7305,77.25,69,74,6.69,broken clouds
339,Khani,GE,41.9563,42.9566,65.77,92,42,1.32,scattered clouds
340,Kasongo-Lunda,CD,-6.4667,16.8167,81.01,41,75,4.14,broken clouds
341,Cockburn Town,TC,21.4612,-71.1419,85.96,66,40,11.5,scattered clouds
342,Pangnirtung,CA,66.1451,-65.7125,48.2,81,75,10.36,broken clouds
343,Wanning,CN,18.8003,110.3967,81.0,87,94,6.85,overcast clouds
344,Bermeo,ES,43.4209,-2.7215,73.6,88,3,7.11,clear sky
345,Yinchuan,CN,38.4681,106.2731,79.93,50,82,11.52,broken clouds
346,Vilhena,BR,-12.7406,-60.1458,88.02,33,0,9.22,clear sky
347,Hyeres,FR,43.1167,6.1167,79.41,77,18,0.0,few clouds
348,Rasht,IR,37.2808,49.5832,76.82,100,20,0.0,few clouds
349,San Andres,CO,12.5847,-81.7006,80.62,89,100,10.36,overcast clouds
350,Dongkan,CN,33.9997,119.8308,77.72,94,0,6.15,clear sky
351,Waipawa,NZ,-41.4122,175.5153,53.01,81,86,19.71,light rain
352,Hami,CN,42.8,93.45,71.89,66,55,10.27,broken clouds
353,Husavik,IS,66.0449,-17.3389,45.5,97,100,15.95,overcast clouds
354,Laguna,US,38.421,-121.4238,102.31,36,0,8.05,clear sky
355,Beloha,MG,-25.1667,45.05,62.19,68,0,10.6,clear sky
356,Santa Rosa,PH,14.3122,121.1114,80.58,91,100,2.04,overcast clouds
357,Havelock,US,34.8791,-76.9013,96.06,75,59,3.0,broken clouds
358,Hohhot,CN,40.8106,111.6522,70.09,73,0,4.47,clear sky
359,Kuntaur,GM,13.6667,-14.8833,79.75,81,99,6.69,overcast clouds
360,Chippewa Falls,US,44.9369,-91.3929,88.57,60,40,19.57,scattered clouds
361,Hobyo,SO,5.3505,48.5268,75.9,83,6,26.96,clear sky
362,Port Angeles,US,48.1181,-123.4307,71.31,74,0,7.0,clear sky
363,Ninh Binh,VN,20.2539,105.975,79.45,87,92,2.57,overcast clouds
364,Pemberton,CA,50.3164,-122.8027,82.09,47,96,5.53,overcast clouds
365,Gejiu,CN,23.306,103.1635,56.71,96,54,2.51,broken clouds
366,Fortuna,US,40.5982,-124.1573,73.92,75,0,13.8,clear sky
367,Uusikaupunki,FI,60.8004,21.4084,57.7,70,79,10.56,broken clouds
368,Fukue,JP,32.6881,128.8419,81.18,89,29,8.1,scattered clouds
369,Cadillac,US,44.2519,-85.4012,78.71,41,0,8.05,clear sky
370,Shubarkuduk,KZ,49.1447,56.4872,71.47,52,3,5.55,clear sky
371,Oga,IT,46.4631,10.347,58.96,83,49,1.43,scattered clouds
372,Nizhniy Kuranakh,RU,58.8353,125.4869,62.46,90,94,2.44,overcast clouds
373,Grindavik,IS,63.8424,-22.4338,51.75,76,75,20.71,broken clouds
374,Carutapera,BR,-1.195,-46.02,78.96,82,14,9.31,heavy intensity rain
375,Boulder City,US,35.9786,-114.8325,103.42,23,97,8.05,overcast clouds
376,San-Pedro,CI,4.7485,-6.6363,75.15,73,100,6.89,overcast clouds
377,Bara,NG,10.3744,10.7288,70.23,96,93,4.7,light rain
378,Nome,US,64.5011,-165.4064,69.12,62,27,10.69,scattered clouds
379,Puerto Madero,MX,14.7208,-92.4215,86.4,68,8,7.85,clear sky
380,Redmond,US,47.674,-122.1215,83.7,51,4,1.01,clear sky
381,Lumsden,CA,50.6501,-104.8678,79.75,47,40,23.42,scattered clouds
382,Banjarmasin,ID,-3.3244,114.591,75.34,96,100,2.64,overcast clouds
383,Ketchikan,US,55.3422,-131.6461,60.78,95,100,4.63,light rain
384,Aklavik,CA,68.2191,-135.0107,50.0,81,100,12.66,overcast clouds
385,Khonsa,IN,27.0167,95.5667,68.59,99,93,3.53,overcast clouds
386,Peace River,CA,56.2501,-117.286,64.71,51,75,2.3,broken clouds
387,Nhulunbuy,AU,-12.2333,136.7667,77.61,88,100,9.22,overcast clouds
388,Nemuro,JP,43.3236,145.575,60.03,95,98,9.17,overcast clouds
389,Solihull,GB,52.4143,-1.7809,70.09,83,40,9.22,scattered clouds
390,Hare Bay,CA,48.8499,-54.0148,81.75,51,91,11.36,overcast clouds
391,Kokstad,ZA,-30.5472,29.4241,50.99,79,81,4.18,broken clouds
392,Saint Anthony,US,45.0205,-93.218,96.66,54,53,4.0,broken clouds
393,Petropavlovsk-Kamchatskiy,RU,53.0452,158.6483,54.19,88,0,4.47,clear sky
394,Powell River,CA,49.8496,-124.5361,74.08,56,75,5.75,broken clouds
395,Xining,CN,36.6167,101.7667,63.36,75,58,1.32,broken clouds
396,Paita,PE,-5.0892,-81.1144,69.33,73,28,14.9,scattered clouds
397,Veraval,IN,20.9,70.3667,82.04,80,100,10.83,overcast clouds
398,Seabra,BR,-12.4186,-41.7703,66.51,60,2,5.39,clear sky
399,Hamilton,US,39.1834,-84.5333,89.94,61,37,3.0,scattered clouds
400,Chicama,PE,-7.8447,-79.1469,61.34,66,25,8.5,scattered clouds
401,Serenje,ZM,-13.2325,30.2352,53.28,89,31,7.67,scattered clouds
402,Inirida,CO,3.8653,-67.9239,75.63,90,100,1.92,overcast clouds
403,Barrow,US,71.2906,-156.7887,47.05,55,81,12.5,broken clouds
404,Sorland,NO,67.667,12.6934,53.46,73,4,12.3,clear sky
405,Pemangkat,ID,1.1667,108.9667,77.0,87,96,3.83,overcast clouds
406,Walvis Bay,NA,-22.9575,14.5053,53.1,81,1,4.61,clear sky
407,Fairbanks,US,64.8378,-147.7164,64.4,77,75,5.75,broken clouds
408,Chara,RU,56.9064,118.2631,62.53,73,30,0.2,scattered clouds
409,Aguimes,ES,27.9054,-15.4461,75.67,78,20,28.77,few clouds
410,Iskateley,RU,67.6803,53.1512,62.29,64,100,8.23,overcast clouds
411,Awbari,LY,26.5921,12.7805,92.26,20,40,7.49,scattered clouds
412,Kandrian,PG,-6.2167,149.55,79.3,86,80,8.1,broken clouds
413,Margate,GB,51.3813,1.3862,67.69,81,20,4.0,few clouds
414,Northam,GB,51.0333,-4.2167,67.39,97,67,14.67,broken clouds
415,Mahajanga,MG,-15.7167,46.3167,73.42,53,20,10.36,few clouds
416,Chuy,UY,-33.6971,-53.4616,54.57,96,25,4.79,scattered clouds
417,Lavrentiya,RU,65.5833,-171.0,56.53,55,4,9.91,clear sky
418,Torit,SS,4.4133,32.5678,67.33,89,84,3.38,broken clouds
419,Biloela,AU,-24.4167,150.5,56.82,91,8,2.04,clear sky
420,Moncton,CA,46.1159,-64.8019,75.33,83,75,8.05,broken clouds
421,Socota,CO,6.0403,-72.6351,54.43,87,100,4.99,overcast clouds
422,Miranda,CO,3.2499,-76.2281,80.73,82,88,1.9,overcast clouds
423,Tautira,PF,-17.7333,-149.15,76.71,74,20,19.93,light rain
424,Goure,NE,13.9835,10.2704,84.29,53,100,4.97,overcast clouds
425,Moerai,PF,-22.4333,-151.3333,72.45,64,96,17.29,overcast clouds
426,Karasjok,NO,69.4719,25.5112,58.17,81,100,4.83,overcast clouds
427,Male,MV,4.1748,73.5089,82.35,83,75,23.02,broken clouds
428,Ludwigslust,DE,53.3167,11.5,73.81,42,100,5.79,overcast clouds
429,Tazovskiy,RU,67.4667,78.7,48.38,86,33,6.58,scattered clouds
430,Monteagudo,BO,-19.8167,-63.9833,82.17,40,0,6.4,clear sky
431,Sochi,RU,43.6,39.7303,73.49,85,14,2.28,few clouds
432,Rafai,CF,4.95,23.9167,72.88,83,93,2.48,overcast clouds
433,Jardim,BR,-21.4803,-56.1381,85.8,25,3,3.62,clear sky
434,Luga,RU,58.7372,29.8453,57.13,95,72,3.42,broken clouds
435,Vuktyl,RU,63.8567,57.3094,59.29,63,21,5.1,few clouds
436,Camacha,PT,33.0833,-16.3333,67.42,78,75,12.66,broken clouds
437,Marfino,RU,55.7028,37.3822,66.45,59,0,4.47,clear sky
438,Karratha,AU,-20.7377,116.8463,64.49,64,0,14.88,clear sky
439,San Patricio,US,28.017,-97.5169,100.18,42,10,20.6,clear sky
440,Kieta,PG,-6.2167,155.6333,80.06,81,18,6.22,light rain
441,Jeremie,HT,18.65,-74.1167,85.82,63,1,6.06,clear sky
442,Tibati,CM,6.4667,12.6333,65.95,96,100,2.51,overcast clouds
443,Polunochnoye,RU,60.8697,60.4153,53.37,77,32,2.28,scattered clouds
444,Chiang Kham,TH,19.5233,100.3,71.96,96,63,1.68,broken clouds
445,Luderitz,NA,-26.6481,15.1594,54.32,80,0,0.85,clear sky
446,Jatibonico,CU,21.9419,-79.17,90.16,55,11,14.58,few clouds
447,Chitral,PK,35.8462,71.7858,71.74,66,100,2.24,overcast clouds
448,Lazarev,RU,52.225,141.5131,58.86,96,100,15.61,overcast clouds
449,Pocatello,US,42.8713,-112.4455,88.23,23,90,14.16,overcast clouds
450,Coruripe,BR,-10.1256,-36.1756,73.02,87,100,11.54,overcast clouds
451,Ardesen,TR,41.1911,40.9875,76.86,84,46,3.47,scattered clouds
452,Itarema,BR,-2.9248,-39.9167,78.69,80,42,14.97,scattered clouds
453,Khandagayty,RU,50.7333,92.05,56.71,71,36,10.02,scattered clouds
454,Catacocha,EC,-4.0667,-79.6333,75.49,65,92,6.91,light rain
455,Rio Gallegos,AR,-51.6226,-69.2181,41.05,75,0,3.44,clear sky
456,Bilibino,RU,68.0546,166.4372,59.11,63,100,4.97,overcast clouds
457,Zeya,RU,53.75,127.2667,62.6,92,68,2.08,broken clouds
458,Nanortalik,GL,60.1432,-45.2371,47.64,79,28,11.56,scattered clouds
459,Sozimskiy,RU,59.7418,52.2482,55.67,85,15,3.36,few clouds
460,Nizhniy Tsasuchey,RU,50.5167,115.1333,68.34,63,100,5.82,overcast clouds
461,Labuhan,ID,-6.8844,112.2051,75.79,89,37,6.89,scattered clouds
462,Norman Wells,CA,65.282,-126.8329,73.44,46,75,12.66,broken clouds
463,Pemba,MZ,-12.974,40.5178,74.1,94,75,10.36,broken clouds
464,Vila Velha,BR,-20.3297,-40.2925,76.95,85,20,12.66,few clouds
465,Honningsvag,NO,70.9821,25.9704,51.55,93,75,13.8,broken clouds
466,Ellensburg,US,46.9965,-120.5479,92.95,22,0,14.0,clear sky
467,Rio Verde De Mato Grosso,BR,-18.9181,-54.8442,87.15,17,45,4.52,scattered clouds
468,Guilin,CN,25.2819,110.2864,77.11,74,93,1.07,overcast clouds
469,Tinyahuarco,PE,-10.75,-76.3,52.0,43,35,12.24,scattered clouds
470,Giron,CO,7.0682,-73.1698,83.77,69,75,6.91,broken clouds
471,Matagami,CA,49.7502,-77.6328,68.11,40,0,8.05,clear sky
472,Faanui,PF,-16.4833,-151.75,78.48,65,40,24.54,scattered clouds
473,Srednekolymsk,RU,67.45,153.6833,60.78,96,100,6.38,light rain
474,Shenzhen,CN,22.5455,114.0683,85.21,87,100,1.07,overcast clouds
475,Avera,US,33.194,-82.5271,94.51,31,61,7.36,broken clouds
476,Aranos,NA,-24.1333,19.1167,50.65,25,0,7.09,clear sky
477,Biak,ID,-0.9131,122.8766,74.57,88,98,6.24,overcast clouds
478,Surt,LY,31.2089,16.5887,81.61,65,0,11.61,clear sky
479,Parintins,BR,-2.6283,-56.7358,83.84,71,100,1.99,heavy intensity rain
480,Biggar,GB,55.6167,-3.5167,64.54,86,27,15.43,scattered clouds
481,Cody,US,44.5263,-109.0565,88.0,35,100,8.99,overcast clouds
482,Kawalu,ID,-7.3817,108.2082,69.49,97,92,1.16,overcast clouds
483,Itoman,JP,26.1247,127.6694,82.42,83,5,3.44,clear sky
484,Thornhill,GB,55.2333,-3.7667,62.11,83,2,13.91,clear sky
485,Whyalla,AU,-33.0333,137.5833,52.7,83,0,13.13,clear sky
486,Catio,GW,11.2833,-15.25,77.05,88,79,5.82,light rain
487,Nakhon Phanom,TH,17.3333,104.4167,73.94,94,38,4.27,scattered clouds
488,Fort Nelson,CA,58.8053,-122.7002,71.19,49,75,12.66,broken clouds
489,Richards Bay,ZA,-28.783,32.0377,64.35,76,0,13.87,clear sky
490,Angoche,MZ,-16.2325,39.9086,72.28,82,16,7.74,few clouds
491,Berlevag,NO,70.8578,29.0864,66.0,87,0,3.44,clear sky
492,Rawson,AR,-43.3002,-65.1023,48.54,49,0,10.09,clear sky
493,Gao,ML,16.6362,1.637,90.21,43,77,10.49,light rain
494,Menziken,CH,47.25,8.1833,72.28,63,87,2.3,overcast clouds
495,Rensvik,NO,63.1,7.8167,56.86,88,75,6.91,broken clouds
496,Porcsalma,HU,47.8833,22.5667,68.09,66,11,7.36,few clouds
497,Ahipara,NZ,-35.1667,173.1667,56.3,87,100,4.61,overcast clouds
498,Lar,IN,26.2039,83.9717,82.27,82,100,5.75,overcast clouds
499,Hokitika,NZ,-42.7167,170.9667,51.87,87,32,9.33,scattered clouds
500,Siquijor,PH,9.2142,123.515,82.13,78,68,9.62,broken clouds
501,San Jose,US,37.3394,-121.895,97.9,38,75,11.5,broken clouds
502,Wajima,JP,37.4,136.9,80.47,85,100,14.99,overcast clouds
503,Uray,RU,60.1247,64.7758,55.0,70,11,3.15,few clouds
504,Dutlwe,BW,-23.9833,23.9,59.32,58,95,22.19,light rain
505,Yokadouma,CM,3.5167,15.05,70.83,86,64,2.59,broken clouds
506,Pechenga,RU,69.5259,31.1703,60.53,74,100,6.31,overcast clouds
507,Sao Felix Do Xingu,BR,-6.6447,-51.995,82.47,51,100,1.54,overcast clouds
508,San Rafael Del Sur,NI,11.8485,-86.4384,79.77,84,100,14.05,overcast clouds
509,Auki,SB,-8.7676,160.7034,79.86,81,23,5.14,few clouds
510,Berdigestyakh,RU,62.0989,126.6992,62.8,97,70,2.73,broken clouds
511,Nova Russas,BR,-4.7067,-40.5631,84.54,38,65,4.38,broken clouds
512,Arica,CL,-18.475,-70.3042,67.55,67,0,11.5,clear sky
513,Copiapo,CL,-27.3667,-70.3333,53.29,55,0,6.35,clear sky
514,Prabumulih,ID,-3.45,104.25,73.33,98,100,2.62,overcast clouds
515,Chazuta,PE,-6.5742,-76.1367,92.25,55,59,3.85,broken clouds
516,Kloulklubed,PW,7.0419,134.2556,83.91,70,100,9.04,overcast clouds
517,Binucayan,PH,8.25,125.7167,71.02,98,59,1.25,broken clouds
518,Bayir,TR,37.2687,28.2167,72.12,38,0,4.74,clear sky
519,Vangaindrano,MG,-23.35,47.6,64.62,85,100,5.55,overcast clouds
520,Dakar,SN,14.6937,-17.4441,84.33,74,40,6.91,scattered clouds
521,Udachnyy,RU,66.4167,112.4,44.46,100,100,18.12,light rain
522,Paamiut,GL,61.994,-49.6678,43.83,90,67,4.47,broken clouds
523,Itacare,BR,-14.2775,-38.9967,72.12,84,3,6.62,clear sky
524,Marawi,PH,7.9986,124.2928,67.37,92,74,2.84,broken clouds
525,Alice Springs,AU,-23.7,133.8833,69.35,24,100,10.36,overcast clouds
526,Suez,EG,29.9737,32.5263,80.38,72,9,10.33,clear sky
527,Scarborough,GB,54.2797,-0.4044,72.97,76,100,4.0,overcast clouds
528,Laredo,US,27.5064,-99.5075,104.45,19,7,19.42,clear sky
529,Pevek,RU,69.7008,170.3133,35.78,99,100,8.43,moderate rain
530,Liverpool,GB,53.4106,-2.9779,70.61,82,20,18.41,few clouds
531,Outlook,CA,51.5001,-107.0513,69.49,64,100,25.03,overcast clouds
532,Warrnambool,AU,-38.3833,142.4833,53.67,74,67,23.42,broken clouds
533,Hede,CN,33.7681,120.2517,78.1,94,0,6.46,clear sky
534,Port Lincoln,AU,-34.7333,135.8667,56.23,73,0,18.88,clear sky
535,Ongandjera,NA,-17.8833,15.0667,54.19,12,31,8.01,scattered clouds
536,Chardara,KZ,41.2547,67.9692,69.26,73,0,10.13,clear sky
537,Nobres,BR,-14.7203,-56.3275,92.25,17,76,3.94,broken clouds
538,Maniitsoq,GL,65.4167,-52.9,43.47,92,99,8.48,overcast clouds
539,Cartagena,CO,10.3997,-75.5144,85.62,74,75,9.22,broken clouds
540,Bulgan,MN,48.8125,103.5347,62.46,75,100,2.01,moderate rain
541,Brigantine,US,39.4101,-74.3646,89.15,64,85,14.38,overcast clouds
542,Barillas,GT,15.8036,-91.3158,69.13,79,22,5.32,few clouds
543,Kargasok,RU,59.0556,80.8572,49.42,80,2,7.11,clear sky
544,Ekhabi,RU,53.5102,142.9671,55.09,96,99,15.41,light rain
545,Opuwo,NA,-18.0607,13.84,51.82,10,86,4.05,overcast clouds
546,Marienburg,PL,54.0359,19.0266,60.12,72,99,5.01,overcast clouds
547,Caledon East,CA,43.8691,-79.8669,80.08,43,1,10.11,clear sky
548,Kajaani,FI,64.2273,27.7285,57.25,82,40,11.5,scattered clouds
549,Talnakh,RU,69.4865,88.3972,45.21,80,0,3.31,clear sky
550,Osinki,RU,52.8432,49.5132,63.63,76,0,6.33,clear sky
551,Dunedin,NZ,-45.8742,170.5036,48.9,67,3,11.65,clear sky
552,Riyadh,SA,24.6877,46.7219,98.74,34,84,5.66,broken clouds
553,Le Port,RE,-20.9373,55.2919,66.25,76,23,2.46,few clouds
554,Popondetta,PG,-8.7537,148.2534,73.0,85,36,2.59,scattered clouds
555,Wakkanai,JP,45.4094,141.6739,64.44,92,100,10.98,overcast clouds
556,Gilgit,PK,35.9221,74.3087,78.66,55,87,3.78,overcast clouds
557,Katobu,ID,-4.9408,122.5276,71.76,93,75,3.53,broken clouds
558,Limulunga,ZM,-15.0969,23.1376,65.8,40,12,8.25,few clouds
559,Aksha,RU,50.2814,113.2867,62.29,87,97,2.33,overcast clouds
560,Novobelokatay,RU,55.7062,58.9549,53.56,92,62,4.74,broken clouds
561,Prince Rupert,CA,54.3161,-130.3201,58.69,92,100,13.8,overcast clouds
562,Cayenne,GF,4.9333,-52.3333,85.08,3,75,3.0,broken clouds
563,Blagoyevo,RU,63.3667,47.9167,59.36,77,100,4.74,overcast clouds
564,La Libertad,EC,-2.2333,-80.9,71.26,88,100,10.36,light intensity drizzle
565,Vestmannaeyjar,IS,63.4427,-20.2734,52.59,70,29,22.28,scattered clouds
566,Imbituba,BR,-28.24,-48.6703,64.09,95,7,6.55,clear sky
567,Ayan,RU,56.45,138.1667,56.62,97,100,11.81,overcast clouds
568,Manacapuru,BR,-3.2997,-60.6206,86.59,64,77,2.8,broken clouds
569,Larsnes,NO,62.2028,5.5773,63.19,90,100,12.28,light rain
570,Palauig,PH,15.435,119.9045,80.74,73,100,3.22,overcast clouds
571,Gushikawa,JP,26.3544,127.8686,81.63,94,6,1.81,clear sky
572,Calama,CL,-22.4667,-68.9333,68.49,10,0,19.57,clear sky
573,Ixtapa,MX,20.7,-105.2,86.23,73,64,5.99,broken clouds
574,Manitouwadge,CA,49.1215,-85.8403,69.42,50,59,12.21,broken clouds
575,Yebaishou,CN,41.3975,119.6408,72.03,90,96,4.18,overcast clouds
576,Moron,AR,-34.6534,-58.6198,61.99,79,55,4.99,broken clouds
577,Balikpapan,ID,-1.2675,116.8289,74.39,100,20,0.0,few clouds
578,Kuala Sungai Baru,MY,2.3594,102.0353,77.04,85,100,4.63,overcast clouds
579,Chimbote,PE,-9.0853,-78.5783,65.25,77,26,11.21,scattered clouds
580,Cabo Rojo,PR,18.0866,-67.1457,84.63,86,60,5.35,broken clouds
581,Pangkalanbuun,ID,-2.6833,111.6167,73.18,99,99,2.13,light rain
582,Kindu,CD,-2.95,25.95,74.44,73,100,2.84,overcast clouds
583,Ulladulla,AU,-35.35,150.4667,54.97,59,100,9.13,moderate rain
584,Los Llanos De Aridane,ES,28.6585,-17.9182,69.55,78,100,17.27,overcast clouds
585,Lagunas,PE,-5.2269,-75.6753,80.1,81,94,1.63,overcast clouds
586,Inta,RU,66.0317,60.1659,59.18,61,45,7.49,scattered clouds
587,Upata,VE,8.0086,-62.3989,76.6,92,100,4.25,overcast clouds
588,Valparaiso,CL,-33.0393,-71.6273,61.03,76,0,9.22,clear sky
589,Sorong,ID,-0.8833,131.25,76.71,89,100,6.96,overcast clouds
590,Udgir,IN,18.3833,77.1167,75.02,86,100,6.08,overcast clouds
591,Sisimiut,GL,66.9395,-53.6735,42.96,95,100,8.77,light rain
592,Kizema,RU,61.113,44.8302,58.91,82,100,4.52,overcast clouds
593,Tezu,IN,27.9167,96.1667,75.7,95,99,3.27,overcast clouds
594,Ballina,AU,-28.8667,153.5667,53.02,99,97,3.74,overcast clouds
595,Kidal,ML,18.4411,1.4078,92.44,37,23,6.44,light rain
596,Inhambane,MZ,-23.865,35.3833,63.52,68,38,5.23,scattered clouds
597,Pattaya,TH,12.9333,100.8833,84.11,85,100,12.06,overcast clouds
598,Yei,SS,4.095,30.6779,66.72,94,90,3.44,overcast clouds
599,Elko,US,41.0002,-115.5012,86.74,35,21,10.0,few clouds
600,Mayo,US,38.8876,-76.5119,93.61,54,60,1.99,broken clouds
601,Nantucket,US,41.2835,-70.0995,81.01,89,40,9.22,scattered clouds
602,Bubaque,GW,11.2833,-15.8333,80.06,81,37,12.3,light rain
603,Hamza,UZ,40.4264,71.4956,75.15,61,100,5.99,overcast clouds
604,Kununurra,AU,-15.7667,128.7333,58.98,88,59,0.0,broken clouds
605,Chaihe,CN,44.7667,129.7,70.02,92,99,3.2,overcast clouds
606,Dwarka,IN,22.2394,68.9678,81.84,81,100,10.8,overcast clouds
607,Ryotsu,JP,38.0833,138.4333,78.73,87,100,12.21,heavy intensity rain
608,Novoagansk,RU,61.9449,76.6625,52.72,76,22,6.6,few clouds
609,Axim,GH,4.8699,-2.2405,73.4,79,32,7.58,scattered clouds
610,Kulhudhuffushi,MV,6.6221,73.07,80.82,78,100,22.39,overcast clouds
611,Dingle,PH,10.9995,122.6711,75.79,89,96,4.85,overcast clouds
612,Sambava,MG,-14.2667,50.1667,66.11,87,21,10.56,few clouds
613,Halifax,CA,44.6453,-63.5724,71.53,98,100,1.99,fog
614,Matay,EG,28.419,30.7792,87.31,34,5,16.06,clear sky
615,Centralia,US,46.7162,-122.9543,77.45,54,0,5.75,clear sky
616,Mao,ES,39.8885,4.2658,79.36,53,0,0.0,clear sky
617,Buraydah,SA,26.326,43.975,99.05,34,23,8.61,few clouds
618,Kupang,ID,-10.1667,123.5833,71.4,82,8,5.61,clear sky
619,Kapit,MY,2.0167,112.9333,73.67,100,100,1.14,light rain
620,Alekseyevsk,RU,57.8406,108.3492,63.91,98,100,4.18,light rain
621,Itaituba,BR,-4.2761,-55.9836,77.16,94,40,0.0,light rain
622,Qasigiannguit,GL,68.8193,-51.1922,44.8,76,89,3.47,overcast clouds
623,Karabulak,RU,43.3036,44.8964,72.59,73,46,2.82,scattered clouds
624,Mount Isa,AU,-20.7333,139.5,53.37,76,14,3.44,few clouds
625,Esmeraldas,BR,-19.7625,-44.3139,78.91,36,65,2.84,broken clouds
626,Reconquista,AR,-29.15,-59.65,70.09,67,71,7.23,broken clouds
627,Goya,AR,-29.14,-59.2626,70.34,70,59,7.61,broken clouds
628,Jaclupan,PH,10.3,123.8167,80.1,89,40,3.44,scattered clouds
629,Angoram,PG,-4.0625,144.0661,72.39,98,98,2.37,overcast clouds
630,Anapolis,BR,-16.3267,-48.9528,84.67,29,40,4.61,scattered clouds
631,Ngunguru,NZ,-35.6167,174.5,57.67,84,100,6.29,overcast clouds
632,Quimper,FR,48.0,-4.1,64.96,94,0,6.91,clear sky
633,San Carlos De Bariloche,AR,-41.1456,-71.3082,46.15,34,0,8.05,clear sky
634,Colac,AU,-38.3333,143.5833,51.17,64,18,15.59,few clouds
635,Egvekinot,RU,66.3167,-179.1667,55.81,54,1,5.37,clear sky
636,Parabel,RU,58.6978,81.4825,49.24,80,2,6.44,clear sky
637,Ishigaki,JP,24.3448,124.1572,82.53,89,40,5.75,scattered clouds
638,Bicester,GB,51.9,-1.1536,72.14,58,75,10.36,broken clouds
639,Tshikapa,CD,-6.4167,20.8,85.17,36,100,0.98,overcast clouds
640,Punta Alta,AR,-38.8759,-62.0736,51.89,94,100,3.91,overcast clouds
641,Lensk,RU,60.7253,114.9278,61.47,98,69,4.79,broken clouds
642,Road Town,VG,18.4167,-64.6167,86.04,74,40,10.36,scattered clouds
643,Were Ilu,ET,10.6,39.4333,55.13,83,90,1.07,light rain
644,Piacabucu,BR,-10.4056,-36.4344,74.89,77,100,10.47,overcast clouds
645,Algarrobo,CO,10.1869,-74.5753,85.53,69,95,11.1,overcast clouds
646,Mackay,AU,-21.15,149.2,60.67,94,10,7.92,clear sky
647,Itupiranga,BR,-5.1347,-49.3267,93.52,44,97,2.21,overcast clouds
648,Stromness,GB,58.965,-3.296,58.96,87,100,5.99,overcast clouds
649,Ust-Tsilma,RU,65.441,52.1498,59.85,69,69,4.27,broken clouds
650,Galesburg,US,40.9478,-90.3712,82.36,69,0,19.57,clear sky
651,Iracoubo,GF,5.4802,-53.2011,80.55,83,90,10.69,overcast clouds
652,Carangola,BR,-20.7331,-42.0294,74.73,49,96,2.17,overcast clouds
653,Kenora,CA,49.8167,-94.4337,76.17,60,75,13.8,broken clouds
654,Grand Gaube,MU,-20.0064,57.6608,70.2,75,0,3.0,clear sky
655,Flagstaff,US,35.1981,-111.6513,88.11,30,40,11.5,scattered clouds
656,Kalabo,ZM,-14.97,22.6814,63.86,41,10,6.42,clear sky
657,Vallenar,CL,-28.5708,-70.7581,63.19,52,0,7.07,clear sky
658,Mayya,RU,61.7333,130.2811,63.72,94,72,2.15,broken clouds
659,Marzuq,YE,14.4,46.4667,80.06,52,29,5.57,scattered clouds
660,Winneba,GH,5.3511,-0.6231,71.94,86,25,8.75,scattered clouds
661,Anadyr,RU,64.75,177.4833,63.1,59,0,6.71,clear sky
662,Alikalia,SL,9.1667,-11.4,68.79,99,96,2.93,overcast clouds
663,Vila,PT,42.0304,-8.1588,70.7,72,0,1.19,clear sky
664,Puerto Carreno,CO,6.189,-67.4859,89.58,62,40,4.61,scattered clouds
665,Touros,BR,-5.1989,-35.4608,77.05,83,50,7.94,scattered clouds
666,Gazojak,TM,41.1875,61.4036,80.87,31,13,10.13,few clouds
667,Port Hedland,AU,-20.3167,118.5667,66.25,94,40,9.22,scattered clouds
668,Maragogi,BR,-9.0122,-35.2225,74.66,92,86,9.26,overcast clouds
669,Lidkoping,SE,58.5052,13.1577,55.42,92,100,14.76,overcast clouds
670,Falmouth,GB,50.1544,-5.0711,67.1,94,100,10.36,overcast clouds
671,Wadi Musa,JO,30.3222,35.4793,74.48,44,10,3.87,clear sky
672,Tiznit,MA,29.5833,-9.5,90.97,21,38,2.3,scattered clouds
673,Krasnoselkup,RU,65.7,82.4667,46.04,85,0,10.4,clear sky
674,Mora,CM,11.0461,14.1401,72.0,84,86,4.7,overcast clouds
675,Ghanzi,BW,-21.5667,21.7833,62.44,33,61,6.17,broken clouds
676,Corinto,GR,37.9407,22.9573,78.89,45,0,3.11,clear sky
677,Voh,NC,-20.9667,164.7,73.69,86,100,3.36,overcast clouds
678,Orange Cove,US,36.6244,-119.3137,101.62,24,76,5.66,broken clouds
679,Faya,SA,18.3851,42.4509,62.71,76,97,3.33,overcast clouds
680,Windsor,CA,42.3001,-83.0165,86.95,57,0,5.75,clear sky
681,Biryusinsk,RU,55.9634,97.8235,50.95,82,79,4.99,broken clouds
682,Chenghai,CN,23.4632,116.768,78.71,94,75,2.24,broken clouds
683,Rolla,US,37.9514,-91.7713,96.24,48,75,11.01,broken clouds
684,Solnechnyy,RU,50.7214,136.6319,63.14,99,100,1.12,overcast clouds
685,Lokosovo,RU,61.1333,74.8167,53.1,76,72,5.3,broken clouds
686,Broken Hill,AU,-31.95,141.4333,56.3,61,1,19.77,clear sky
687,Beja,TN,36.7256,9.1817,83.05,58,2,2.82,clear sky
688,Xingyi,CN,24.1877,102.817,59.67,99,57,1.28,broken clouds
689,Smithers,CA,54.7804,-127.1743,59.32,72,100,2.3,light intensity shower rain
690,Montmagny,FR,48.9734,2.3469,81.25,50,0,4.61,clear sky
691,Soyo,AO,-6.1349,12.3689,69.04,87,14,12.84,few clouds
692,Havoysund,NO,70.9963,24.6622,52.03,93,100,8.14,overcast clouds
693,Kars,TR,40.602,43.095,62.38,72,1,4.09,clear sky
694,Kozlovka,RU,55.8428,48.2492,64.81,79,90,3.2,overcast clouds
695,Pasighat,IN,28.0667,95.3333,77.52,87,98,2.48,overcast clouds
696,Koslan,RU,63.4564,48.8989,59.36,74,98,3.91,overcast clouds
697,Rayachoti,IN,14.05,78.75,79.54,78,97,1.99,overcast clouds
698,Mahon,ES,39.8885,4.2658,79.36,53,0,0.0,clear sky
699,Salinopolis,BR,-0.6136,-47.3561,81.23,78,14,14.14,few clouds
700,Kisangani,CD,0.5167,25.2,72.99,80,62,0.54,broken clouds
